{"imu": {"tare": {"gyro": [0.014375, -0.02, 0.009375], "accel": [0.0578, -0.03469997, 9.740298]}, "offsets": [245, 255, 180, 255, 243, 255, 146, 1, 209, 252, 245, 4, 255, 255, 255, 255, 0, 0, 232, 3, 6, 2]}}